<?xml version="1.0" encoding="UTF-8" standalone="no"?>
<!DOCTYPE Nodes [

<!ENTITY % NameValue "CDATA">
<!ENTITY % PropType "(I|S|D|L|H|B)">
<!ENTITY % VersionValue "CDATA">

<!ELEMENT Prp (#PCDATA)>
<!ELEMENT Node (Node|Prp)*>
<!ELEMENT Nodes (Node)+>

<!ATTLIST Nodes version CDATA "1">

<!ATTLIST Node name CDATA #REQUIRED>

<!ATTLIST Prp name CDATA #REQUIRED>
<!ATTLIST Prp type CDATA #REQUIRED>
<!ATTLIST Prp value CDATA #REQUIRED>
]>
<Nodes version="1">
	<Node name="root">
		<Node name="message 3">
			<Prp name="date" type="D" value="43874.864558206"/>
			<Prp name="owner id" type="I" value="-1"/>
			<Prp name="link" type="S" value=""/>
			<Prp name="priority" type="I" value="300"/>
			<Prp name="id" type="I" value="3"/>
			<Prp name="remarks" type="S" value="&lt;html&gt;&lt;body&gt;&lt;p&gt;The test run has stopped because --&lt;/p&gt;&lt;ul&gt;&lt;li&gt;An error message was posted to the log and&lt;/li&gt;&lt;li&gt;The &lt;a href=&quot;aqa-help://6090&quot;&gt;On error&lt;/a&gt; project property is set to &quot;Stop project&quot; or &quot;Stop test item&quot;.&lt;/li&gt;&lt;/ul&gt;&lt;p&gt;If you don't want the test to stop on errors, set this property (&lt;b&gt;Project Editor &amp;rArr; Properties &amp;rArr; Playback&lt;/b&gt;), to &quot;Continue running&quot; or change your test commands so that they do not post errors to the log automatically. For example, if a window or process was not found, use WaitWindow, WaitProcess or similar methods to get the needed object.&lt;/p&gt;&lt;p&gt;&lt;a href=&quot;aqa-help://2207&quot;&gt;Read More&lt;/a&gt;&lt;/p&gt;&lt;/body&gt;&lt;/html&gt;"/>
			<Prp name="message" type="S" value="The test run has stopped because your test project is configured to stop on errors."/>
			<Prp name="stack beginning" type="I" value="1"/>
			<Prp name="stack end" type="I" value="1"/>
			<Prp name="unit id" type="I" value="0"/>
			<Prp name="type" type="I" value="3"/>
			<Prp name="picture" type="S" value="Picture1.png"/>
			<Prp name="child index" type="I" value="-1"/>
			<Prp name="as html" type="B" value="-1"/>
			<Prp name="pictype" type="I" value="2"/>
			<Prp name="line no" type="I" value="2"/>
		</Node>
		<Node name="item 1">
			<Prp name="stacktext" type="S" value="Test1()"/>
			<Prp name="line no" type="I" value="2"/>
			<Prp name="unit id" type="I" value="0"/>
		</Node>
		<Node name="item 0">
			<Prp name="stacktext" type="S" value="Test1()"/>
			<Prp name="line no" type="I" value="2"/>
			<Prp name="unit id" type="I" value="0"/>
		</Node>
		<Node name="message 1">
			<Node name="visualizer">
				<Node name="current">
					<Prp name="kind" type="I" value="0"/>
					<Prp name="object left" type="I" value="0"/>
					<Prp name="object name" type="S" value="Aliases.browser.pageAdmin20login"/>
					<Prp name="datetime" type="D" value="43874.6351193287"/>
					<Prp name="click point y" type="I" value="-1"/>
					<Prp name="version" type="I" value="2"/>
					<Prp name="rect color" type="I" value="255"/>
					<Prp name="click point x" type="I" value="-1"/>
					<Prp name="line #" type="I" value="1"/>
					<Prp name="signature" type="S" value="{87B03792-E854-4F5D-9F33-165F1F874209}"/>
					<Prp name="storage file name" type="S" value=""/>
					<Prp name="image file name" type="S" value="visImage0.png"/>
					<Prp name="object right" type="I" value="1920"/>
					<Prp name="need update" type="B" value="0"/>
					<Prp name="object bottom" type="I" value="1031"/>
					<Prp name="object top" type="I" value="128"/>
				</Node>
				<Node name="diff">
					<Prp name="kind" type="I" value="0"/>
					<Prp name="object left" type="I" value="-1"/>
					<Prp name="object name" type="S" value=""/>
					<Prp name="datetime" type="D" value="0"/>
					<Prp name="click point y" type="I" value="-1"/>
					<Prp name="version" type="I" value="2"/>
					<Prp name="rect color" type="I" value="255"/>
					<Prp name="click point x" type="I" value="-1"/>
					<Prp name="line #" type="I" value="1"/>
					<Prp name="signature" type="S" value="{87B03792-E854-4F5D-9F33-165F1F874209}"/>
					<Prp name="storage file name" type="S" value=""/>
					<Prp name="image file name" type="S" value="visImage0_Dif.png"/>
					<Prp name="object right" type="I" value="-1"/>
					<Prp name="need update" type="B" value="0"/>
					<Prp name="object bottom" type="I" value="-1"/>
					<Prp name="object top" type="I" value="-1"/>
				</Node>
				<Node name="original">
					<Prp name="kind" type="I" value="0"/>
					<Prp name="object left" type="I" value="0"/>
					<Prp name="object name" type="S" value="Aliases.browser.pageAdmin20login"/>
					<Prp name="datetime" type="D" value="43874.6342476852"/>
					<Prp name="click point y" type="I" value="-1"/>
					<Prp name="version" type="I" value="2"/>
					<Prp name="rect color" type="I" value="255"/>
					<Prp name="click point x" type="I" value="-1"/>
					<Prp name="line #" type="I" value="1"/>
					<Prp name="signature" type="S" value="{87B03792-E854-4F5D-9F33-165F1F874209}"/>
					<Prp name="storage file name" type="S" value=""/>
					<Prp name="image file name" type="S" value="tcvi166587375231966.png"/>
					<Prp name="object right" type="I" value="1920"/>
					<Prp name="need update" type="B" value="0"/>
					<Prp name="object bottom" type="I" value="1031"/>
					<Prp name="object top" type="I" value="128"/>
				</Node>
			</Node>
			<Prp name="date" type="D" value="43874.864287419"/>
			<Prp name="owner id" type="I" value="-1"/>
			<Prp name="link" type="S" value=""/>
			<Prp name="priority" type="I" value="300"/>
			<Prp name="id" type="I" value="1"/>
			<Prp name="remarks" type="S" value="'aa' was sent as a keyboard input to the following window or control.&#xA;&#xA;Tested object:&#xA;Aliases.browser.pageAdmin20login&#xA;(Sys.Browser(&quot;chrome&quot;).Page(&quot;file:///C:/Users/Sensei/Desktop/CMS/Admin%20login.html&quot;))"/>
			<Prp name="message" type="S" value="Keyboard input."/>
			<Prp name="unit id" type="I" value="0"/>
			<Prp name="type" type="I" value="1"/>
			<Prp name="picture" type="S" value=""/>
			<Prp name="child index" type="I" value="-1"/>
			<Prp name="as html" type="B" value="0"/>
			<Prp name="pictype" type="I" value="0"/>
			<Prp name="line no" type="I" value="1"/>
		</Node>
		<Node name="units">
			<Prp name="unit 0" type="S" value="{565357D5-BF95-4243-AA12-5852C5A1601B}"/>
		</Node>
		<Node name="child data"/>
		<Node name="message 2">
			<Prp name="date" type="D" value="43874.8645576389"/>
			<Prp name="owner id" type="I" value="-1"/>
			<Prp name="link" type="S" value=""/>
			<Prp name="priority" type="I" value="400"/>
			<Prp name="id" type="I" value="2"/>
			<Prp name="remarks" type="S" value="&lt;!doctype html&gt; &lt;html&gt;&lt;style&gt;body {font-family : Segoe UI, Tahoma, Arial, Helvetica, sans-serif; font-size : 10pt; font-weight : normal; padding : 14px 8px 8px 14px; margin : 0 0 0 0;} p {margin : 4px 0 4px 0; padding : 0 0 0 0;} h4 {font-size: 10pt; font-weight : bold; margin : 12px 0 0 16px; padding : 0 0 0 0;} table {margin-left : 16px; border-top: 1px solid grey;} td {font-size : 10pt; font-weight : normal; padding-left : 8px;} &lt;/style&gt;&lt;style&gt;p, td, th{font-size: 10pt;} td, th {border-bottom: 1px solid #cdcdcd; padding: 2px 10px 2px 10px;} th {text-align: left; background: #cdcdcd; font-weight : normal;}  p {padding : 0; margin : 4 0 4 0px; line-height: 16pt;} table {border: 0px;}&lt;/style&gt;&lt;style&gt;.wide{width: 100%; margin: 0; padding:0; border:0;} .clsimg{width: 200px; margin: auto; border:0} td.row1{width: *;}  td.row2{width: 250px;}&lt;/style&gt;&lt;body&gt;&lt;div class=&quot;wide&quot;&gt;&lt;table class=&quot;wide&quot;&gt;&lt;thead&gt;&lt;tr&gt;&lt;td class=&quot;row1&quot;&gt;&lt;/td&gt;&lt;td class=&quot;row2&quot;&gt;&lt;/td&gt;&lt;/tr&gt;&lt;/thead&gt;&lt;tbody&gt;&lt;tr&gt;&lt;td&gt;&lt;p&gt;Unable to find the following object when executing the &lt;code&gt;Wait&lt;/code&gt; command:&lt;/p&gt;&lt;p style=&quot;margin-left: 10px;&quot;&gt;&lt;code&gt;Aliases.&amp;#8203;browser.&amp;#8203;&lt;a href=&quot;lnamemapping://{BE22DE12-A93A-4ABC-BE10-7E6B298AF7DD}.Aliases.browser.pageAdmin20dashboard&quot; title=&quot;Missing object. Click to view and change its recognition settings.&quot;&gt;&lt;span style=&quot;color: red; font-weight: bold;&quot;&gt;pageAdmin20dashboard&lt;/span&gt;&lt;/a&gt;&lt;/code&gt;&lt;/p&gt;&lt;p&gt;&amp;nbsp;&lt;br/&gt;&lt;/p&gt;&lt;p&gt; &lt;style&gt; a.btn { background-color: #00b2ff; color: white; padding: 5px 20px; text-decoration: none; font-weight : bold; }&lt;/style&gt;&lt;a class=&quot;btn&quot; href=&quot;helpme://54Wh5r2zAQAEAHJvb3QHAAgAY2FsbG5hbWUBACQAQWxpYXNlcy5icm93c2VyLnBhZ2VBZG1pbjIw&#xA;ZGFzaGJvYXJkBAB0eXBlAQALAFJlY29nbml0aW9uBwBwcm9qZWN0AQAkAEJFMjJERTEyeEE5M0F4&#xA;NEFCQ3hCRTEweDdFNkIyOThBRjdERAcAcGljZmlsZQEAKgB7NDJFQTUxNjgtM0Q4QS00RTUxLTlF&#xA;QTEtRjVCREE4QzMyQkUwfS5wbmcGAGNvbmZpZwEAFQBEZWZhdWx0IENvbmZpZ3VyYXRpb24CAG5t&#xA;AQAkAEQyMUJDQTg0eDc5NDB4NDJBMng4RjM0eEJFODM5NzlEMjMyNQkAcHJvcGNvdW50AAACAAQA&#xA;BgB2YWx1ZXMCAAEAMAEAEQBANTAwMDYxMDA2NzAwNjUwMAEAMQEAw6kAQDY2MDA2OTAwNkMwMDY1&#xA;MDAzQTAwMkYwMDJGMDAyRjAwNDMwMDNBMDAyRjAwNTUwMDczMDA2NTAwNzIwMDczMDAyRjAwNTMw&#xA;MDY1MDA2RTAwNzMwMDY1MDA2OTAwMkYwMDQ0MDA2NTAwNzMwMDZCMDA3NDAwNkYwMDcwMDAyRjAw&#xA;NDMwMDREMDA1MzAwMkYwMDQxMDA2NDAwNkQwMDY5MDA2RTAwMjUwMDMyMDAzMDAwNDQwMDYxMDA3&#xA;MzAwNjgwMDYyMDA2RjAwNjEwMDcyMDA2NDAwMkUwMDY4MDA3NDAwNkQwMDZDMDAAAAcAbWF0Y2hl&#xA;ZAIAAQAwAADvv7/nv78BADEAAAEAAAAFAG5hbWVzAgABADABAAoAT2JqZWN0VHlwZQEAMQEAAwBV&#xA;UkwAAAsAZm91bmR2YWx1ZXMCAAEAMAEAEQBANTAwMDYxMDA2NzAwNjUwMAEAMQEAw5kAQDY2MDA2&#xA;OTAwNkMwMDY1MDAzQTAwMkYwMDJGMDAyRjAwNDMwMDNBMDAyRjAwNTUwMDczMDA2NTAwNzIwMDcz&#xA;MDAyRjAwNTMwMDY1MDA2RTAwNzMwMDY1MDA2OTAwMkYwMDQ0MDA2NTAwNzMwMDZCMDA3NDAwNkYw&#xA;MDcwMDAyRjAwNDMwMDREMDA1MzAwMkYwMDQxMDA2NDAwNkQwMDY5MDA2RTAwMjUwMDMyMDAzMDAw&#xA;NkMwMDZGMDA2NzAwNjkwMDZFMDAyRTAwNjgwMDc0MDA2RDAwNkMwMAAA&quot;&gt;Intelligent Fix&lt;/a&gt;&lt;/p&gt;&lt;br/&gt;&lt;p&gt;&lt;b style=&quot;color: #777;&quot;&gt;Tips&lt;/b&gt;&lt;/p&gt;&lt;ul style=&quot;margin-top: 10px&quot;&gt;&lt;li&gt;The &lt;span style=&quot;color: red;&quot;&gt;missing object&lt;/span&gt; could be absent during the test run. Check the screenshot on the &lt;a href=&quot;showpicture://pic&quot;&gt;Picture&lt;/a&gt;  tab if the object existed.&lt;/li&gt;&lt;li&gt;If the object existed, &lt;a href=&quot;lnamemapping://{BE22DE12-A93A-4ABC-BE10-7E6B298AF7DD}.Aliases.browser.pageAdmin20dashboard&quot;&gt;view and change&lt;/a&gt; its recognition attributes.&lt;/li&gt;&lt;li&gt;If the object didn't exist, check if earlier test steps worked correctly.&lt;/li&gt;&lt;li&gt;&lt;a href=&quot;aqa-help://2201&quot;&gt;Learn more&lt;/a&gt; about possible causes of the error.&lt;/li&gt;&lt;/ul&gt;&lt;/td&gt;&lt;td style=&quot;vertical-align:top;text-align:center&quot;&gt; &lt;a href=&quot;showpicturedialog://%%LogDir%%\{D21BCA84-7940-42A2-8F34-BE83979D2325}_1.png&quot;&gt; &lt;img title=&quot;The expected state of the tested application. The missing object (red frame) and the called test object (blue frame).&quot; class=&quot;clsimg&quot; src=&quot;%%LogDir%%\{D21BCA84-7940-42A2-8F34-BE83979D2325}_1.png&quot;&gt; &lt;/a&gt; &lt;/td&gt;&lt;/tr&gt;&lt;/tbody&gt;&lt;/table&gt;&lt;/div&gt;&lt;/body&gt;&lt;/html&gt;"/>
			<Prp name="message" type="S" value="The object &quot;pageAdmin20dashboard&quot; does not exist."/>
			<Prp name="stack beginning" type="I" value="0"/>
			<Prp name="stack end" type="I" value="0"/>
			<Prp name="unit id" type="I" value="0"/>
			<Prp name="type" type="I" value="3"/>
			<Prp name="picture" type="S" value="Picture1.png"/>
			<Prp name="child index" type="I" value="-1"/>
			<Prp name="as html" type="B" value="-1"/>
			<Prp name="pictype" type="I" value="2"/>
			<Prp name="line no" type="I" value="2"/>
		</Node>
		<Node name="message 0">
			<Prp name="date" type="D" value="43874.8642847801"/>
			<Prp name="owner id" type="I" value="-1"/>
			<Prp name="link" type="S" value=""/>
			<Prp name="priority" type="I" value="300"/>
			<Prp name="id" type="I" value="0"/>
			<Prp name="remarks" type="S" value="URL: file:///C:/Users/Sensei/Desktop/CMS/Admin%20login.html&#xA;&#xA;Aliases.browser"/>
			<Prp name="message" type="S" value="Navigating to the file:///C:/Users/Sensei/Desktop/CMS/Admin%20login.html page."/>
			<Prp name="unit id" type="I" value="0"/>
			<Prp name="type" type="I" value="1"/>
			<Prp name="picture" type="S" value=""/>
			<Prp name="child index" type="I" value="-1"/>
			<Prp name="as html" type="B" value="0"/>
			<Prp name="pictype" type="I" value="0"/>
			<Prp name="line no" type="I" value="0"/>
		</Node>
		<Node name="stack"/>
		<Prp name="status" type="I" value="2"/>
	</Node>
</Nodes>